<window name="history" style:normal:border_width="0" style:normal:bg_color="#00000000" style:normal:bg_image="menu_tm_4" visible="true" enable="true" style:normal:bg_image_draw_type="scale">
    <button name="B41_copy" x="89" y="478" w="60" h="74" target_name="MTM01" enable_click="true" feedback="true" style:normal:round_radius="30" style:normal:border_width="0" style:normal:border_color="#00000000" style:normal:bg_color="#00000000" style:pressed:border_color="#00000000" style:pressed:border_width="0" style:pressed:bg_color="#00000000" style:pressed:bg_image="back_s" style:pressed:round_radius="30" function="open_window" style:pressed:bg_image_draw_type="scale"/>
    <button name="B42_copy" x="650" y="478" w="60" h="74" target_name="W01" enable_click="true" feedback="true" style:normal:round_radius="30" style:normal:border_color="#00000000" style:normal:border_width="0" style:normal:bg_color="#00000000" style:pressed:round_radius="30" style:pressed:bg_image="next_s" style:pressed:border_color="#00000000" style:pressed:border_width="0" style:pressed:bg_color="#00000000" function="open_window"/>
    <button name="H19_copy" x="19" y="22" w="75" h="97" target_name="home_page" enable_click="true" feedback="true" style:normal:round_radius="0" style:normal:border_width="0" style:normal:border_color="#00000000" style:normal:bg_color="#00000000" style:pressed:bg_image="btn_home" style:pressed:round_radius="14" style:pressed:border_width="0" style:pressed:bg_color="#00000000" visible="true" function="open_window" style:pressed:bg_image_draw_type="scale"/>
    
	
	<table_view name="table_view1" x="30" y="140" w="700" h="330">
    <table_header x="0" y="0" w="100%" h="30" name="title" children_layout="default(r=1,c=0,s=5,m=5)">
      <label w="10%" text="No." />
      <label w="30%" text="Time"/>
      <label w="10%" text="Duration" />
      <label w="10%" text="Mode" />
	  <label w="10%" text="Run"/>
	  <label w="30%" text="Time"/>
    </table_header>

    <table_client name="table_client1" x="0" y="30" w="-12" h="-30" row_height="40" rows="1000">
      <table_row name="table_row1" children_layout="default(r=1,c=0,s=5,m=5)" w="100%">

        <label name="index1" w="10%" h="100%" text="01" />
        <label name="index2" w="30%" h="100%" text="2024-01-01 12:00:00" />
        <label name="index3" w="10%" h="100%" text="15" />
        <label name="index4" w="10%" h="100%" text="1" />
        <label name="index5" w="10%" h="100%" text="120" />
		<label name="index6" w="30%" h="100%" text="2024-01-01 12:00:00" />
      </table_row>
    </table_client>
    <scroll_bar_d name="vbar" x="right" y="30" w="12" h="-30" value="0"/>
  </table_view>

	
</window>