<kb_default name="kb_default" x="0" y="b" w="100%" h="40%" theme="keyboard">
    <view name="candidates" x="0" y="0" w="100%" h="15%">
        <candidates x="0" y="0" w="100%" h="100%" name="candidates1"/>
        <button name="close" x="r" y="0" w="32" h="100%" text="X" style="close"/>
    </view>
    <pages name="panel" x="0" y="b" w="100%" h="-16%" active="0">
        <clip_view name="lower" x="0" w="100%" h="100%">
            <view x="0" y="0" w="100%" h="25%" children_layout="default(r=1,c=10)" name="view1">
                <button repeat="300" name="q" text="q"/>
                <button repeat="300" name="w" text="w"/>
                <button repeat="300" name="e" text="e"/>
                <button repeat="300" name="r" text="r"/>
                <button repeat="300" name="t" text="t"/>
                <button repeat="300" name="y" text="y"/>
                <button repeat="300" name="u" text="u"/>
                <button repeat="300" name="i" text="i"/>
                <button repeat="300" name="o" text="o"/>
                <button repeat="300" name="p" text="p"/>
            </view>
            <view x="5%" y="25%" w="-10%" h="25%" children_layout="default(r=1,c=9)" name="view2">
                <button repeat="300" name="a" text="a"/>
                <button repeat="300" name="s" text="s"/>
                <button repeat="300" name="d" text="d"/>
                <button repeat="300" name="f" text="f"/>
                <button repeat="300" name="g" text="g"/>
                <button repeat="300" name="h" text="h"/>
                <button repeat="300" name="j" text="j"/>
                <button repeat="300" name="k" text="k"/>
                <button repeat="300" name="l" text="l"/>
            </view>
            <view x="0" y="50%" w="100%" h="25%" name="view3">
                <button name="page:upper" text="shift" x="0" y="0" w="15%" h="100%" style="shiftoff"/>
                <view x="15%" y="0" w="-30%" h="100%" children_layout="default(r=1,c=7)" name="view4">
                    <button repeat="300" name="z" text="z"/>
                    <button repeat="300" name="x" text="x"/>
                    <button repeat="300" name="c" text="c"/>
                    <button repeat="300" name="v" text="v"/>
                    <button repeat="300" name="b" text="b"/>
                    <button repeat="300" name="n" text="n"/>
                    <button repeat="300" name="m" text="m"/>
                </view>
                <button name="key:backspace" text="backspace" x="85%" y="0" w="15%" h="100%" style="backspace"/>
            </view>
            <view x="0" y="75%" w="100%" h="25%" name="view5">
                <button name="page:symbol" text="@&amp;$" x="0" y="0" w="15%" h="100%" style="highlight"/>
                <button name="page:symnum" text="123" x="15%" y="0" w="15%" h="100%" style="highlight"/>
                <button repeat="300" name="," text="," x="30%" y="0" w="10%" h="100%"/>
                <button repeat="300" name="space" text="space" x="40%" y="0" w="-80%" h="100%"/>
                <button repeat="300" name="." text="." x="60%" y="0" w="10%" h="100%"/>
                <button name="page:chinese" text="EN" x="70%" y="0" w="15%" h="100%" style="highlight"/>
                <button name="action" text="return" x="85%" y="0" w="15%" h="100%" style="return" text_disable="true"/>
            </view>
        </clip_view>
        <clip_view name="upper" x="0" y="0" w="100%" h="100%">
            <view x="0" y="0" w="100%" h="25%" children_layout="default(r=1,c=10)" name="view6">
                <button repeat="300" name="Q" text="Q"/>
                <button repeat="300" name="W" text="W"/>
                <button repeat="300" name="E" text="E"/>
                <button repeat="300" name="R" text="R"/>
                <button repeat="300" name="T" text="T"/>
                <button repeat="300" name="Y" text="Y"/>
                <button repeat="300" name="U" text="U"/>
                <button repeat="300" name="I" text="I"/>
                <button repeat="300" name="O" text="O"/>
                <button repeat="300" name="P" text="P"/>
            </view>
            <view x="5%" y="25%" w="-10%" h="25%" children_layout="default(r=1,c=9)" name="view7">
                <button repeat="300" name="A" text="A"/>
                <button repeat="300" name="S" text="S"/>
                <button repeat="300" name="D" text="D"/>
                <button repeat="300" name="F" text="F"/>
                <button repeat="300" name="G" text="G"/>
                <button repeat="300" name="H" text="H"/>
                <button repeat="300" name="J" text="J"/>
                <button repeat="300" name="K" text="K"/>
                <button repeat="300" name="L" text="L"/>
            </view>
            <view x="0" y="50%" w="100%" h="25%" name="view8">
                <button name="page:lower" text="SHIFT" x="0" y="0" w="15%" h="100%" style="shifton"/>
                <view x="15%" y="0" w="-30%" h="100%" children_layout="default(r=1,c=7)" name="view9">
                    <button repeat="300" name="Z" text="Z"/>
                    <button repeat="300" name="X" text="X"/>
                    <button repeat="300" name="C" text="C"/>
                    <button repeat="300" name="V" text="V"/>
                    <button repeat="300" name="B" text="B"/>
                    <button repeat="300" name="N" text="N"/>
                    <button repeat="300" name="M" text="M"/>
                </view>
                <button name="key:backspace" text="backspace" x="85%" y="0" w="15%" h="100%" style="backspace"/>
            </view>
            <view x="0" y="75%" w="100%" h="25%" name="view10">
                <button name="page:symbol" text="@&amp;$" x="0" y="0" w="15%" h="100%" style="highlight"/>
                <button name="page:symnum" text="123" x="15%" y="0" w="15%" h="100%" style="highlight"/>
                <button repeat="300" name="," text="," x="30%" y="0" w="10%" h="100%"/>
                <button repeat="300" name="space" text="space" x="40%" y="0" w="-80%" h="100%"/>
                <button repeat="300" name="." text="." x="60%" y="0" w="10%" h="100%"/>
                <button name="page:chinese" text="EN" x="70%" y="0" w="15%" h="100%" style="highlight"/>
                <button name="action" text="return" x="85%" y="0" w="15%" h="100%" style="return" text_disable="true"/>
            </view>
        </clip_view>
        <clip_view name="symnum" x="0" w="100%" h="100%">
            <view x="0" y="0" w="15%" h="100%" name="view11">
                <view x="0" y="0" w="100%" h="75%" children_layout="default(r=4, c=1)" name="view12">
                    <button repeat="300" name="." text="."/>
                    <button repeat="300" name="/" text="/"/>
                    <button repeat="300" name="+" text="+"/>
                    <button repeat="300" name="-" text="-"/>
                </view>
                <button name="page:symbol" text="@&amp;$" x="0" y="75%" w="100%" h="25%" style="highlight"/>
            </view>
            <view x="15%" y="0" w="-30%" h="100%" children_layout="default(r=4,c=3)" name="view13">
                <button repeat="300" name="1" text="1"/>
                <button repeat="300" name="2" text="2"/>
                <button repeat="300" name="3" text="3"/>
                <button repeat="300" name="4" text="4"/>
                <button repeat="300" name="5" text="5"/>
                <button repeat="300" name="6" text="6"/>
                <button repeat="300" name="7" text="7"/>
                <button repeat="300" name="8" text="8"/>
                <button repeat="300" name="9" text="9"/>
                <button repeat="300" name="page:lower" text="abc" style="highlight"/>
                <button repeat="300" name="0" text="0"/>
                <button repeat="300" name="space" text="space" style="highlight"/>
            </view>
            <view x="85%" y="0" w="15%" h="100%" children_layout="default(r=4,c=1)" name="view14">
                <button repeat="300" name="key:backspace" text="backspace" style="backspace"/>
                <button repeat="300" name="*" text="*"/>
                <button repeat="300" name="#" text="#"/>
                <button repeat="300" name="action" text="return" style="return" text_disable="true"/>
            </view>
        </clip_view>
        <clip_view name="symbol" x="0" w="100%" h="100%">
            <view x="0" y="0" w="100%" h="25%" children_layout="default(r=1,c=10)" name="view15">
                <button repeat="300" name="[" text="["/>
                <button repeat="300" name="]" text="]"/>
                <button repeat="300" name="{" text="{"/>
                <button repeat="300" name="}" text="}"/>
                <button repeat="300" name="(" text="("/>
                <button repeat="300" name=")" text=")"/>
                <button repeat="300" name="^" text="^"/>
                <button repeat="300" name="%" text="%"/>
                <button repeat="300" name="/" text="/"/>
                <button repeat="300" name="=" text="="/>
            </view>
            <view x="5%" y="25%" w="-10%" h="25%" children_layout="default(r=1,c=9)" name="view16">
                <button repeat="300" name="_" text="_"/>
                <button repeat="300" name="\" text="\"/>
                <button repeat="300" name="|" text="|"/>
                <button repeat="300" name="~" text="~"/>
                <button repeat="300" name="<" text="<"/>
                <button repeat="300" name=">" text=">"/>
                <button repeat="300" name="$" text="$"/>
                <button repeat="300" name="@" text="@"/>
                <button repeat="300" name="`" text="`"/>
            </view>
            <view x="0" y="50%" w="100%" h="25%" name="view17">
                <button name="page:upper" text="shift" x="0" y="0" w="15%" h="100%" style="shiftoff"/>
                <view x="15%" y="0" w="-30%" h="100%" children_layout="default(r=1,c=7)" name="view18">
                    <button repeat="300" name=":" text=":"/>
                    <button repeat="300" name=";" text=";"/>
                    <button repeat="300" name="?" text="?"/>
                    <button repeat="300" name="!" text="!"/>
                    <button repeat="300" name="'" text="'"/>
                    <button repeat="300" name="&quot;" text="&quot;"/>
                    <button repeat="300" name="&amp;" text="&amp;"/>
                </view>
                <button name="key:backspace" text="backspace" x="85%" y="0" w="15%" h="100%" style="backspace"/>
            </view>
            <view x="0" y="75%" w="100%" h="25%" name="view19">
                <button name="page:lower" text="abc" w="15%" h="100%" style="highlight"/>
                <button name="page:symnum" text="123" x="15%" w="15%" h="100%" style="highlight"/>
                <button repeat="300" name="," text="," x="30%" w="10%" h="100%"/>
                <button repeat="300" name="space" text="space" x="40%" w="-80%" h="100%"/>
                <button repeat="300" name="." text="." x="60%" w="10%" h="100%"/>
                <button name="page:chinese" text="EN" x="70%" w="15%" h="100%" style="highlight"/>
                <button name="action" text="return" x="85%" w="15%" h="100%" style="return" text_disable="true"/>
            </view>
        </clip_view>
        <clip_view name="chinese" x="0" w="100%" h="100%">
            <view x="0" y="0" w="100%" h="25%" children_layout="default(r=1,c=10)" name="view20">
                <button repeat="300" name="key:q" text="q"/>
                <button repeat="300" name="key:w" text="w"/>
                <button repeat="300" name="key:e" text="e"/>
                <button repeat="300" name="key:r" text="r"/>
                <button repeat="300" name="key:t" text="t"/>
                <button repeat="300" name="key:y" text="y"/>
                <button repeat="300" name="key:u" text="u"/>
                <button repeat="300" name="key:i" text="i"/>
                <button repeat="300" name="key:o" text="o"/>
                <button repeat="300" name="key:p" text="p"/>
            </view>
            <view x="5%" y="25%" w="-10%" h="25%" children_layout="default(r=1,c=9)" name="view21">
                <button repeat="300" name="key:a" text="a"/>
                <button repeat="300" name="key:s" text="s"/>
                <button repeat="300" name="key:d" text="d"/>
                <button repeat="300" name="key:f" text="f"/>
                <button repeat="300" name="key:g" text="g"/>
                <button repeat="300" name="key:h" text="h"/>
                <button repeat="300" name="key:j" text="j"/>
                <button repeat="300" name="key:k" text="k"/>
                <button repeat="300" name="key:l" text="l"/>
            </view>
            <view x="0" y="50%" w="100%" h="25%" name="view22">
                <button name="page:upper" text="shift" x="0" y="0" w="15%" h="100%" style="shiftoff"/>
                <view x="15%" y="0" w="-30%" h="100%" children_layout="default(r=1,c=7)" name="view23">
                    <button repeat="300" name="key:z" text="z"/>
                    <button repeat="300" name="key:x" text="x"/>
                    <button repeat="300" name="key:c" text="c"/>
                    <button repeat="300" name="key:v" text="v"/>
                    <button repeat="300" name="key:b" text="b"/>
                    <button repeat="300" name="key:n" text="n"/>
                    <button repeat="300" name="key:m" text="m"/>
                </view>
                <button name="key:backspace" text="backspace" x="85%" y="0" w="15%" h="100%" style="backspace"/>
            </view>
            <view x="0" y="75%" w="100%" h="25%" name="view24">
                <button name="page:symbol" text="@&amp;$" x="0" y="0" w="15%" h="100%" style="highlight"/>
                <button name="page:symnum" text="123" x="15%" y="0" w="15%" h="100%" style="highlight"/>
                <button repeat="300" name="，" text="，" x="30%" y="0" w="10%" h="100%"/>
                <button repeat="300" name="space" text="space" x="40%" y="0" w="-80%" h="100%"/>
                <button repeat="300" name="。" text="。" x="60%" y="0" w="10%" h="100%"/>
                <button name="page:lower" text="中" x="70%" y="0" w="15%" h="100%" style="highlight"/>
                <button name="action" text="return" x="85%" y="0" w="15%" h="100%" style="return" text_disable="true"/>
            </view>
        </clip_view>
    </pages>
</kb_default>