<window name="W01" style:normal:border_width="0" style:normal:bg_color="#00000000" style:normal:bg_image="menu_play" visible="true" enable="true" style:normal:bg_image_draw_type="scale" style:normal:border_color="#00000000" style:pressed:border_width="0">
    <button name="A01" x="20" y="20" w="75" h="98" enable_click="true" feedback="true" style:normal:round_radius="0" style:normal:border_width="0" style:normal:border_color="#00000000" style:normal:bg_color="#00000000" style:pressed:bg_image="btn_home" style:pressed:round_radius="14" style:pressed:border_width="0" style:pressed:bg_color="#00000000" visible="true" function="home_window" style:pressed:bg_image_draw_type="scale" style:normal:bg_image="btn_home_"/>
    <image name="I02" x="60" y="344" w="528" h="84" image="num0" style:normal:draw_type="default" style:normal:border_width="0" style:normal:bg_image="gauss_0" style:normal:bg_image_draw_type="scale"/>
    <image name="I03" x="60" y="455" w="528" h="74" image="num0" style:normal:draw_type="default" style:normal:border_width="0" style:normal:bg_image="time_0" style:normal:bg_image_draw_type="scale"/>
    <button name="L01" x="60" y="344" w="100" h="84" enable_click="true" feedback="true" style:normal:border_width="0" style:normal:border_color="#00000000" style:normal:round_radius="14" style:normal:bg_color="#00000000" style:pressed:border_width="0" style:pressed:bg_image="lvl_s_1" style:pressed:bg_color="#00000000" style:pressed:round_radius="14" style:pressed:bg_image_draw_type="scale"/>
    <button name="L02" x="167" y="344" w="100" h="84" enable_click="true" feedback="true" style:normal:border_width="0" style:normal:border_color="#00000000" style:normal:round_radius="14" style:normal:bg_color="#00000000" style:pressed:border_width="0" style:pressed:bg_image="lvl_s_2" style:pressed:bg_color="#00000000" style:pressed:round_radius="14" style:pressed:bg_image_draw_type="scale"/>
    <button name="L03" x="274" y="344" w="100" h="84" enable_click="true" feedback="true" style:normal:border_width="0" style:normal:border_color="#00000000" style:normal:round_radius="14" style:normal:bg_color="#00000000" style:pressed:border_width="0" style:pressed:bg_image="lvl_s_3" style:pressed:bg_color="#00000000" style:pressed:round_radius="14" style:pressed:bg_image_draw_type="scale"/>
    <button name="L04" x="381" y="344" w="100" h="84" enable_click="true" feedback="true" style:normal:border_width="0" style:normal:border_color="#00000000" style:normal:round_radius="14" style:normal:bg_color="#00000000" style:pressed:border_width="0" style:pressed:bg_image="lvl_s_4" style:pressed:bg_color="#00000000" style:pressed:round_radius="14" style:pressed:bg_image_draw_type="scale"/>
    <button name="L05" x="488" y="344" w="100" h="84" enable_click="true" feedback="true" style:normal:border_width="0" style:normal:border_color="#00000000" style:normal:round_radius="14" style:normal:bg_color="#00000000" style:pressed:border_width="0" style:pressed:bg_image="lvl_s_5" style:pressed:bg_color="#00000000" style:pressed:round_radius="14" style:pressed:bg_image_draw_type="scale"/>
    <button name="R01" x="60" y="455" w="83" h="74" enable_click="true" feedback="true" style:normal:border_width="0" style:normal:border_color="#00000000" style:normal:round_radius="14" style:normal:bg_color="#00000000" style:pressed:border_width="0" style:pressed:bg_image="time_s_1" style:pressed:bg_color="#00000000" style:pressed:round_radius="14" style:pressed:bg_image_draw_type="scale"/>
    <button name="R02" x="149" y="455" w="83" h="74" enable_click="true" feedback="true" style:normal:border_width="0" style:normal:border_color="#00000000" style:normal:round_radius="14" style:normal:bg_color="#00000000" style:pressed:border_width="0" style:pressed:bg_image="time_s_2" style:pressed:bg_color="#00000000" style:pressed:round_radius="14" style:pressed:bg_image_draw_type="scale"/>
    <button name="R03" x="238" y="455" w="83" h="74" enable_click="true" feedback="true" style:normal:border_width="0" style:normal:border_color="#00000000" style:normal:round_radius="14" style:normal:bg_color="#00000000" style:pressed:border_width="0" style:pressed:bg_image="time_s_3" style:pressed:bg_color="#00000000" style:pressed:round_radius="14" style:pressed:bg_image_draw_type="scale"/>
    <button name="R04" x="327" y="455" w="83" h="74" enable_click="true" feedback="true" style:normal:border_width="0" style:normal:border_color="#00000000" style:normal:round_radius="14" style:normal:bg_color="#00000000" style:pressed:border_width="0" style:pressed:bg_image="time_s_4" style:pressed:bg_color="#00000000" style:pressed:round_radius="14" style:pressed:bg_image_draw_type="scale"/>
    <button name="R05" x="416" y="455" w="83" h="74" enable_click="true" feedback="true" style:normal:border_width="0" style:normal:border_color="#00000000" style:normal:round_radius="14" style:normal:bg_color="#00000000" style:pressed:border_width="0" style:pressed:bg_image="time_s_5" style:pressed:bg_color="#00000000" style:pressed:round_radius="14" style:pressed:bg_image_draw_type="scale"/>
    <button name="R06" x="505" y="455" w="83" h="74" enable_click="true" feedback="true" style:normal:border_width="0" style:normal:border_color="#00000000" style:normal:round_radius="14" style:normal:bg_color="#00000000" style:pressed:border_width="0" style:pressed:bg_image="time_s_6" style:pressed:bg_color="#00000000" style:pressed:round_radius="14" visible="true" style:pressed:bg_image_draw_type="scale"/>
    <label name="FREQ1" x="357" y="248" w="85" h="67" text="1" style:normal:border_width="0" style:normal:font_name="poppins_black" style:normal:text_color="#ff604a" style:normal:font_size="32"/>
    <button name="C01" x="269" y="242" w="83" h="74" target_name="FREQ1" enable_click="true" feedback="true" style:normal:border_width="0" style:normal:border_color="#00000000" style:normal:bg_color="#00000000" style:normal:round_radius="14" style:pressed:border_width="0" style:pressed:bg_color="#00000000" style:pressed:round_radius="14" style:pressed:bg_image="menos_s" style:normal:bg_image="menos" style:pressed:border_color="#00000000" style:disable:border_width="0" style:disable:round_radius="14" style:disable:round_radius_top_left="14" style:disable:round_radius_top_right="14" style:disable:round_radius_bottom_left="14" style:disable:round_radius_bottom_right="14" style:disable:bg_color="#00000000" style:disable:border_color="#00000000" enable_long_press="true" long_press_time="800" repeat="1" style:normal:bg_image_draw_type="scale" function="set_value" min="1" max="5" step="1" format="%d" increase_decrease="--"/>
    <button name="C02" x="448" y="242" w="83" h="74" target_name="FREQ1" enable_click="true" feedback="true" style:normal:round_radius="14" style:normal:border_width="0" style:normal:border_color="#00000000" style:normal:bg_color="#00000000" style:pressed:round_radius="14" style:pressed:bg_color="#00000000" style:pressed:border_width="0" style:pressed:border_color="#00000000" style:pressed:bg_image="mas_s" style:normal:bg_image="mas" style:disable:border_width="0" style:disable:border_color="#00000000" style:disable:round_radius="14" style:disable:round_radius_top_left="14" style:disable:round_radius_top_right="14" style:disable:round_radius_bottom_left="14" style:disable:round_radius_bottom_right="14" style:disable:bg_color="#00000000" enable_long_press="true" long_press_time="800" repeat="1" style:normal:bg_image_draw_type="scale" function="set_value" min="1" max="5" step="1" format="%d" increase_decrease="++"/>
    <button name="SAV" x="15" y="199" w="60" h="60" target_name="MTM01" enable_click="true" feedback="true" style:normal:border_width="0" style:normal:border_color="#00000000" style:normal:round_radius_top_left="0" style:normal:round_radius_top_right="30" style:normal:round_radius_bottom_left="0" style:normal:round_radius_bottom_right="30" style:pressed:border_color="#00000000" style:pressed:border_width="0" style:pressed:round_radius_top_left="0" style:pressed:round_radius_top_right="30" style:pressed:round_radius_bottom_left="0" style:pressed:round_radius_bottom_right="30" style:pressed:bg_color="#00000000" style:disable:border_width="0" style:disable:border_color="#00000000" style:disable:round_radius="0" style:disable:round_radius_top_left="0" style:disable:round_radius_top_right="0" style:disable:round_radius_bottom_left="0" style:disable:round_radius_bottom_right="0" style:disable:bg_color="#00000000" style:normal:bg_image="save" style:pressed:bg_image="save_s" function="open_window"/>
    <label name="FREQ2_copy1_copy1" x="117" y="46" w="533" h="60" text="Operation" style:normal:border_width="0" style:normal:font_name="poppins_black" style:normal:text_color="#ff604a" style:normal:font_size="32"/>
    <image name="G02_copy1" x="269" y="159" w="262" h="45" image="num0" style:normal:draw_type="default" style:normal:margin="14" style:normal:border_width="0" text="countdown timer" style:normal:font_size="26"/>
    <image_animation name="I08_copy1" x="54" y="117" w="215" h="215" image="clock_" start_index="0" end_index="59" format="%s%d" style:normal:border_width="0" style:normal:round_radius="75" auto_play="false" style:normal:bg_image_draw_type="scale" style:normal:bg_image="clock_0"/>
    <button name="P01" x="96" y="169" w="130" h="120" text="START" target_name="W02" enable_click="true" feedback="true" style:normal:border_color="#00000000" style:normal:border_width="0" style:normal:round_radius="55" style:normal:bg_color="#00000000" function="open_window" style:normal:text_color="#ff604a" style:normal:text_align_v="top" style:normal:font_name="poppins_regular" style:normal:margin_top="16" style:normal:font_size="42" style:pressed:round_radius="55" style:pressed:margin_top="16" style:pressed:text_align_v="top" style:pressed:bg_color="#00000000" style:pressed:border_width="0" style:pressed:border_color="#00000000" style:pressed:text_color="#97a7c3" style:pressed:font_name="poppins_regular" style:pressed:font_size="42"/>
    <image_animation name="image_animation1" x="554" y="146" w="250" h="350" image="blue" start_index="1" end_index="15" format="%s%d" auto_play="true" interval="100"/>
    <progress_circle name="progress_circle_copy1" x="577" y="174" w="150" h="150" value="100" show_text="true" style:normal:border="none" style:normal:text_color="#ff4500" style:normal:font_name="default2" style:normal:font_size="80" style:normal:fg_color="#00000000"/>
    <label name="label1_copy_copy1_copy1" x="689" y="205" w="76" h="88" text="%" style:normal:text_color="#ff4500" style:normal:font_name="default2" style:normal:font_size="70"/>
</window>