<window name="W02" style:normal:border_width="0" style:normal:bg_color="#00000000" style:normal:bg_image="menu_play" visible="true" enable="true" style:normal:bg_image_draw_type="scale" style:normal:border_color="#00000000" style:pressed:border_width="0">
    <image name="A02" x="19" y="22" w="78" h="98" image="num0" style:normal:draw_type="default" style:normal:round_radius="14" style:normal:border_width="0" style:normal:bg_image="btn_home_" style:pressed:bg_image="btn_home" style:pressed:bg_image_draw_type="scale"/>
    <image name="I06" x="60" y="341" w="528" h="88" image="num0" style:normal:draw_type="default" style:normal:border_width="0" style:normal:bg_image="gauss_0" draw_type="scale" style:normal:bg_image_draw_type="scale"/>
    <image name="I07" x="59" y="454" w="528" h="75" image="num0" style:normal:draw_type="default" style:normal:border_width="0" style:normal:bg_image="time_0" draw_type="scale" style:normal:bg_image_draw_type="scale"/>
    <image name="G02" x="269" y="160" w="262" h="45" image="num0" style:normal:draw_type="default" style:normal:margin="14" style:normal:border_width="0" text="countdown timer" style:normal:font_size="26"/>
    <label name="FREQ2" x="359" y="249" w="83" h="60" text="1" style:normal:border_width="0" style:normal:font_name="poppins_black" style:normal:text_color="#ff604a" style:normal:font_size="32"/>
    <image_animation name="I08" x="54" y="117" w="215" h="215" image="clock_" start_index="0" end_index="59" format="%s%d" style:normal:border_width="0" style:normal:round_radius="75" auto_play="true" style:normal:bg_image_draw_type="scale" style:normal:bg_image="clock_0"/>
    <label name="Clock_2" x="110" y="172" w="94" h="106" style:normal:font_name="poppins_regular" style:normal:font_size="42" style:normal:text_color="#ff604a"/>
    <button name="P02" x="105" y="170" w="110" h="110" text="STOP" target_name="W02" enable_click="true" feedback="true" style:normal:border_color="#00000000" style:normal:border_width="0" style:normal:round_radius="55" style:normal:bg_color="#00000000" function="close_window" style:normal:margin_top="16" style:normal:font_name="poppins_regular" style:normal:font_size="42" style:normal:text_align_v="top" style:normal:text_color="#ff604a" style:pressed:font_name="poppins_regular" style:pressed:text_color="#97a7c3" style:pressed:border_width="0" style:pressed:border_color="#00000000" style:pressed:round_radius="55" style:pressed:margin_top="16" style:pressed:text_align_v="top" style:pressed:font_size="42" style:pressed:bg_color="#00000000"/>
    <label name="FREQ2_copy1" x="117" y="46" w="533" h="60" text="Operation" style:normal:border_width="0" style:normal:font_name="poppins_black" style:normal:text_color="#ff604a" style:normal:font_size="32"/>
    <image_animation name="image_animation1_copy" x="554" y="146" w="250" h="350" image="green" start_index="1" end_index="15" format="%s%d" auto_play="true" interval="100"/>
    <progress_circle name="progress_circle" x="577" y="174" w="150" h="150" value="100" show_text="true" style:normal:border="none" style:normal:text_color="#ff4500" style:normal:font_name="default2" style:normal:font_size="80" style:normal:fg_color="#00000000" animation="value(delay=0,duration=100000,repeat_times=0,easing=cubic_out,from=100,to=0)"/>
    <label name="label1_copy_copy1" x="689" y="205" w="76" h="88" text="%" style:normal:text_color="#ff4500" style:normal:font_name="default2" style:normal:font_size="70"/>
</window>